gene_id,mean_logFC,n_sig,robustness_class,logFC_paired,FDR_paired,logFC_gtx,FDR_gtx,logFC_tcga,FDR_tcga,in_hsa00010,in_hsa00030,in_hsa00020
HK3,1.32668814214962,2,DIRECTION_DISCORDANT,2.25940625,3.12445897834914e-07,-0.208545634920638,0.515694498304181,1.9292038113695,7.22381023251175e-33,TRUE,FALSE,FALSE
ALDH9A1,-0.527092746400884,1,DIRECTION_DISCORDANT,-0.883375000000001,1.14100988172368e-08,0.36776488095238,0.0474471198754678,-1.06566812015503,2.97325046826405e-50,TRUE,FALSE,FALSE
GALM,-0.43289067306509,1,DIRECTION_DISCORDANT,-1.0770625,1.34982952155726e-06,0.589773313492064,0.00447490256967191,-0.811382832687334,2.59705810753956e-19,TRUE,FALSE,FALSE
ENO4,0.371492173849513,1,DIRECTION_DISCORDANT,-0.305384375,0.22983810446754,1.51864528769841,1.61536928590249e-11,-0.0987843911498701,0.29646609591122,TRUE,FALSE,FALSE
ALDH2,0.334799007167467,1,DIRECTION_DISCORDANT,-0.55078125,0.0330840522618001,1.2931691468254,1.04470186495105e-06,0.262009124677,0.0143134753348624,TRUE,FALSE,FALSE
DLD,0.272906442260366,1,DIRECTION_DISCORDANT,-0.0621562500000005,0.689117539824407,1.09079216269841,4.66548504947869e-08,-0.209916585917311,0.0017550781266037,TRUE,FALSE,TRUE
ALDH3A2,-0.0365087132398183,1,DIRECTION_DISCORDANT,-0.701562500000001,0.000216562635205569,1.1960496031746,3.77759765691416e-09,-0.604013242894054,1.34270325700912e-15,TRUE,FALSE,FALSE
LDHA,0.588587693798449,0,INCONCLUSIVE,0.630937499999999,0.00320328054000666,0.891666666666666,0.000121589115194745,0.243158914728681,0.00343260884436692,TRUE,FALSE,FALSE
PFKL,-0.48400947459087,0,INCONCLUSIVE,-0.641875000000001,1.2700981042556e-06,-0.484756944444445,0.00013112580804722,-0.325396479328163,7.21688672230423e-08,TRUE,TRUE,FALSE
LDHAL6B,-0.470826040513104,0,INCONCLUSIVE,-0.241293750000001,0.397866168795078,-0.894171726190476,1.84919953623388e-05,-0.277012645348836,0.00531734357578554,TRUE,FALSE,FALSE
G6PC2,-0.450402578596037,0,INCONCLUSIVE,-0.21711875,0.146513108336402,-0.58700486111111,0.00881356499585383,-0.547084124677,1.83986457889643e-06,TRUE,FALSE,FALSE
ALDH7A1,-0.448977555524792,0,INCONCLUSIVE,-0.950031249999999,3.16730143084064e-06,0.543360615079365,0.0050642517164675,-0.940262031653741,1.41991937339162e-31,TRUE,FALSE,FALSE
HK1,-0.432474375538328,0,INCONCLUSIVE,-0.509125000000001,0.0367108480258652,0.0565486111111094,0.800522316032871,-0.844846737726093,1.63342906465645e-17,TRUE,FALSE,FALSE
ALDH1B1,-0.332833344868954,0,INCONCLUSIVE,-0.821843749999999,0.00607720382849774,0.649300595238094,0.0257896089071727,-0.825956879844956,1.2576044125342e-09,TRUE,FALSE,FALSE
PGK1,0.331293950719823,0,INCONCLUSIVE,0.1721875,0.168814701814376,0.946190476190476,1.36374013352096e-05,-0.124496124031007,0.0787131029539557,TRUE,FALSE,FALSE
PGM2,-0.276776651132028,0,INCONCLUSIVE,-0.251718750000001,0.0974415380113754,0.0934126984126977,0.589821800917181,-0.672023901808781,2.37830493471048e-23,TRUE,TRUE,FALSE
ADH5,-0.263645025839792,0,INCONCLUSIVE,-0.688125,1.18092504895115e-06,0.702499999999999,0.00011361665533974,-0.805310077519375,3.09603966292831e-39,TRUE,FALSE,FALSE
GAPDHS,-0.216161800941307,0,INCONCLUSIVE,0.2483125,0.113300237857832,-0.980233779761907,3.12514756221212e-12,0.0834358769379846,0.161918439146239,TRUE,FALSE,FALSE
ADPGK,0.196415340070135,0,INCONCLUSIVE,0.222906249999999,0.0284600980918502,0.138183035714284,0.381402548437976,0.228156734496123,1.42724212847152e-07,TRUE,FALSE,FALSE
PDHB,-0.184010174418604,0,INCONCLUSIVE,-0.602499999999999,1.77912493049347e-06,0.562114583333332,0.000604855052013414,-0.511645106589145,7.77695571725459e-24,TRUE,FALSE,TRUE
PGK2,-0.164858090700751,0,INCONCLUSIVE,0.025865625,0.695617127250067,-0.587661061507939,1.25490737980257e-07,0.0672211644056846,0.0993230514334164,TRUE,FALSE,FALSE
DLAT,-0.162168485449734,0,INCONCLUSIVE,-0.398468750000001,0.00948177885948784,0.578904265873017,0.00113179827861579,-0.666940972222218,2.12547308287768e-25,TRUE,FALSE,TRUE
PFKM,0.161281196167098,0,INCONCLUSIVE,-0.15209375,0.360813017405863,0.934819444444445,4.24067564068178e-06,-0.298882105943151,4.18383015676549e-05,TRUE,TRUE,FALSE
BPGM,0.132270933308724,0,INCONCLUSIVE,-0.2055,0.128339130290135,0.777874007936507,2.88395417649294e-06,-0.175561208010336,0.0017550781266037,TRUE,FALSE,FALSE
ENO3,0.101049399378613,0,INCONCLUSIVE,0.0999062500000003,0.719079694785545,-0.584551091269841,0.0429289313560686,0.78779303940568,1.70699438500619e-09,TRUE,FALSE,FALSE
PDHA2,-0.0930627314814821,0,INCONCLUSIVE,0,1,-0.292931597222224,1.62655550433859e-07,0.0137434027777778,0.295834796353035,TRUE,FALSE,TRUE
ADH7,-0.0888726082810386,0,INCONCLUSIVE,0.0760687500000002,0.695617127250067,-0.525334871031746,0.00447490256967191,0.18264829618863,0.0314113284894987,TRUE,FALSE,FALSE
PDHA1,0.0766251384274643,0,INCONCLUSIVE,-0.3425,0.0207364841609198,0.74797619047619,0.000112904672446719,-0.175600775193797,0.00622674314269686,TRUE,FALSE,TRUE
PGAM4,0.0619490379291257,0,INCONCLUSIVE,-0.27318125,0.198802674279098,0.932717559523808,5.02418940606697e-05,-0.473689195736431,1.94864137963063e-05,TRUE,FALSE,FALSE
LDHB,-0.0461715962224673,0,INCONCLUSIVE,-0.3259375,0.0358040407194538,0.693308531746031,0.0020009132032159,-0.505885820413433,1.90546442669653e-12,TRUE,FALSE,FALSE
MINPP1,-0.0377441052971573,0,INCONCLUSIVE,-0.246156250000001,0.0542914139524384,0.652718749999999,2.90631980782237e-05,-0.51979481589147,5.05258482405715e-20,TRUE,FALSE,FALSE
AKR1A1,0.00112437707641154,0,INCONCLUSIVE,-0.584687499999999,0.00948177885948784,0.623065476190473,0.00232275886036318,-0.0350048449612394,0.691923893004756,TRUE,FALSE,FALSE
PKLR,-2.17350321497785,2,PARTIALLY_ROBUST,-3.372759375,5.3477708522031e-05,-1.12801264880953,0.0635732033164998,-2.01973762112402,1.17908766577587e-09,TRUE,FALSE,FALSE
FBP1,-1.94298127384028,2,PARTIALLY_ROBUST,-3.06975,4.27304333718166e-09,-0.659330853174606,0.0310745499358244,-2.09986296834624,1.36380003865759e-39,TRUE,TRUE,FALSE
ALDOC,-1.16865595391903,2,PARTIALLY_ROBUST,-1.0786875,0.0108455875461817,-0.882486111111112,0.029235440375684,-1.54479425064599,2.61658010971128e-15,TRUE,TRUE,FALSE
PCK2,-1.09805668989172,2,PARTIALLY_ROBUST,-1.69303125,3.10643865516909e-05,-0.170576884920635,0.493064221738869,-1.43056193475451,3.75290089464828e-22,TRUE,FALSE,TRUE
ALDH3A1,1.0474065745355,2,PARTIALLY_ROBUST,0.58225,0.198802674279098,1.32598804563492,0.000195591274318914,1.23398167797157,1.10370507961799e-13,TRUE,FALSE,FALSE
LDHAL6A,-1.0283155323305,2,PARTIALLY_ROBUST,-1.2523625,2.71953240341789e-05,-0.59804290674604,0.0614773724952828,-1.23454119024547,1.35177495517566e-14,TRUE,FALSE,FALSE
ALDOB,-8.11142115786882,3,ROBUST,-8.656375,1.26005165042003e-13,-7.68061408730159,5.65431855140048e-28,-7.99727438630487,2.45719639929906e-76,TRUE,TRUE,FALSE
ADH1C,-5.49645829295864,3,ROBUST,-6.005784375,1.02505497771985e-15,-3.9462875,1.27707797960256e-18,-6.53730300387593,7.94974336730142e-119,TRUE,FALSE,FALSE
ADH1B,-5.05092268518518,3,ROBUST,-4.9436875,2.58758161862895e-11,-4.59645694444445,1.88364578817257e-15,-5.61262361111108,5.25312900242532e-74,TRUE,FALSE,FALSE
ALDH3B2,-4.52944051810323,3,ROBUST,-5.186340625,4.14602858027606e-22,-3.63326676587301,4.27000778275566e-18,-4.76871416343667,5.55442397967321e-86,TRUE,FALSE,FALSE
PGAM2,-4.22215185569705,3,ROBUST,-5.17100625,1.26005165042003e-13,-3.00005674603174,2.14528160459606e-13,-4.49539257105941,3.15722695912997e-78,TRUE,FALSE,FALSE
PCK1,-4.18064929017472,3,ROBUST,-5.11184375,6.23861887878482e-10,-3.27097371031746,1.97917754530008e-08,-4.15913041020669,1.06857861345081e-40,TRUE,FALSE,TRUE
HK2,3.30451024363233,3,ROBUST,3.33875,1.29900087497159e-12,3.55394642857143,1.48485232206897e-35,3.02083430232556,1.40750503477625e-88,TRUE,FALSE,FALSE
ADH4,-2.97208777147163,3,ROBUST,-2.91754375,6.23578029136731e-12,-3.07977182539683,5.39613425283439e-24,-2.91894773901807,2.0978996100496e-69,TRUE,FALSE,FALSE
LDHC,-2.37826813515134,3,ROBUST,-3.059153125,2.52476186569288e-12,-1.66477068452381,0.000132610593940849,-2.41088059593022,1.7682791807547e-27,TRUE,FALSE,FALSE
ADH6,-2.24831814860957,3,ROBUST,-2.76640625,9.71475497841331e-05,-1.66936061507937,0.000655649622609362,-2.30918758074934,2.06859822040908e-16,TRUE,FALSE,FALSE
ENO2,1.94801755721668,3,ROBUST,2.275875,7.42308918716814e-07,1.56444196428571,3.77759765691416e-09,2.00373570736433,5.97258889964699e-49,TRUE,FALSE,FALSE
ADH1A,-1.60157355920081,3,ROBUST,-1.805903125,1.52111043609961e-09,-1.12476309523809,1.46207678287402e-07,-1.87405445736433,5.43527192161655e-48,TRUE,FALSE,FALSE
ALDH3B1,1.56804780361757,3,ROBUST,1.0436875,0.00212868229808245,1.88786458333333,2.49627142113728e-18,1.77259132751937,3.92502782469113e-40,TRUE,FALSE,FALSE
FBP2,-1.39678058208749,3,ROBUST,-1.567709375,1.14100988172368e-08,-1.07982008928572,1.81642567067344e-08,-1.54281228197674,1.65920864433692e-42,TRUE,TRUE,FALSE
ALDOA,1.3041353282269,3,ROBUST,1.1215625,6.09544739269099e-07,1.7605753968254,2.86522131149931e-14,1.03026808785529,3.53984327098496e-40,TRUE,TRUE,FALSE
GAPDH,1.30279246646979,3,ROBUST,1.100625,2.8308338306895e-11,1.6674503968254,2.69868670339604e-13,1.14030200258397,1.83289523909172e-61,TRUE,FALSE,FALSE
GCK,-1.17671423495755,3,ROBUST,-1.0499125,0.00362819633968411,-1.16881964285715,0.000157189360944135,-1.31141056201549,3.03501630585885e-17,TRUE,FALSE,FALSE
PFKP,1.21408127999262,1,SENSITIVE_TO_COMPARATOR,0.8971875,0.000210662867341842,1.79298511904762,3.4175965505746e-18,0.952071220930227,5.35776325597744e-30,TRUE,TRUE,FALSE
PKM,1.10732808078011,1,SENSITIVE_TO_COMPARATOR,0.819687499999998,1.15972691302244e-05,1.83893353174603,1.02328823303217e-17,0.663363210594311,1.7821641556895e-21,TRUE,FALSE,FALSE
HKDC1,0.997902104866492,1,SENSITIVE_TO_COMPARATOR,1.16521875,1.2700981042556e-06,0.976378472222221,0.00161325524932358,0.852109092377256,8.24386738400937e-10,TRUE,FALSE,FALSE
G6PC3,0.908360172880519,1,SENSITIVE_TO_COMPARATOR,0.575,4.83637393850637e-06,1.47676091269841,4.4007499335248e-17,0.673319605943148,7.94171373868273e-34,TRUE,FALSE,FALSE
ACSS1,-0.819679794204502,1,SENSITIVE_TO_COMPARATOR,-1.10075,3.97660379446803e-06,-0.44189136904762,0.054650893207515,-0.916398013565886,1.2274386398406e-21,TRUE,FALSE,FALSE
TPI1,0.738494447520609,1,SENSITIVE_TO_COMPARATOR,0.584375,2.27532958318194e-07,1.15001984126984,7.13269970709868e-09,0.481088501291987,4.05657698606747e-19,TRUE,FALSE,FALSE
ENO1,0.733798641872767,1,SENSITIVE_TO_COMPARATOR,0.3396875,0.0367261403864883,1.57759424603174,4.1488158516618e-13,0.284114179586562,4.15845226506893e-06,TRUE,FALSE,FALSE
GPI,0.704072343730774,1,SENSITIVE_TO_COMPARATOR,0.4946875,0.000434563962448757,1.1943253968254,3.83679937277608e-09,0.423204134366922,5.85641597335623e-12,TRUE,TRUE,FALSE
ACSS2,0.688384436138794,1,SENSITIVE_TO_COMPARATOR,0.2896875,0.143212249831664,1.14971726190476,4.98153974710848e-07,0.625748546511623,1.35177859253074e-11,TRUE,FALSE,FALSE
PGAM1,0.533457956503012,1,SENSITIVE_TO_COMPARATOR,0.355312499999998,0.00702152876072394,1.09631944444444,2.36267185181982e-08,0.148741925064599,0.0123397679240582,TRUE,FALSE,FALSE
PGM1,0.403769925864401,1,SENSITIVE_TO_COMPARATOR,0.0537499999999988,0.696308877037792,1.12803224206349,5.22462938764738e-09,0.029527535529715,0.662320142055694,TRUE,TRUE,FALSE
